Workbook

Sheet 统计摘要
A1: 会员管理介面 QA 测试问题统计
A2: 测试日期：2026-10-01（第1–2轮）、2026-10-02（第3轮：线上版 GitHub Pages） 测试对象：content.html（巢状／压缩模式；正常／无数据／极限三种数据；1440／1024／768 宽度）
A4: 严重度 | B4: 问题数 | C4: 已修复 | D4: 未修复 | E4: 占比
A5: 高 | B5: =COUNTIF('问题清单'!$E$2:$E$78,A5) | C5: =COUNTIFS('问题清单'!$E$2:$E$78,A5,'问题清单'!$K$2:$K$78,"已修复") | D5: =B5-C5 | E5: =IF($B$8=0,0,B5/$B$8)
A6: 中 | B6: =COUNTIF('问题清单'!$E$2:$E$78,A6) | C6: =COUNTIFS('问题清单'!$E$2:$E$78,A6,'问题清单'!$K$2:$K$78,"已修复") | D6: =B6-C6 | E6: =IF($B$8=0,0,B6/$B$8)
A7: 低 | B7: =COUNTIF('问题清单'!$E$2:$E$78,A7) | C7: =COUNTIFS('问题清单'!$E$2:$E$78,A7,'问题清单'!$K$2:$K$78,"已修复") | D7: =B7-C7 | E7: =IF($B$8=0,0,B7/$B$8)
A8: 合计 | B8: =SUM(B5:B7) | C8: =SUM(C5:C7) | D8: =SUM(D5:D7) | E8: =IF($B$8=0,0,B8/$B$8)
A10: 模块 | B10: 高 | C10: 中 | D10: 低 | E10: 小计
A11: 筛选与搜寻 | B11: =COUNTIFS('问题清单'!$C$2:$C$78,$A11,'问题清单'!$E$2:$E$78,"高") | C11: =COUNTIFS('问题清单'!$C$2:$C$78,$A11,'问题清单'!$E$2:$E$78,"中") | D11: =COUNTIFS('问题清单'!$C$2:$C$78,$A11,'问题清单'!$E$2:$E$78,"低") | E11: =SUM(B11:D11)
A12: 列表模式 | B12: =COUNTIFS('问题清单'!$C$2:$C$78,$A12,'问题清单'!$E$2:$E$78,"高") | C12: =COUNTIFS('问题清单'!$C$2:$C$78,$A12,'问题清单'!$E$2:$E$78,"中") | D12: =COUNTIFS('问题清单'!$C$2:$C$78,$A12,'问题清单'!$E$2:$E$78,"低") | E12: =SUM(B12:D12)
A13: 自订栏位 | B13: =COUNTIFS('问题清单'!$C$2:$C$78,$A13,'问题清单'!$E$2:$E$78,"高") | C13: =COUNTIFS('问题清单'!$C$2:$C$78,$A13,'问题清单'!$E$2:$E$78,"中") | D13: =COUNTIFS('问题清单'!$C$2:$C$78,$A13,'问题清单'!$E$2:$E$78,"低") | E13: =SUM(B13:D13)
A14: 用户抽屉 | B14: =COUNTIFS('问题清单'!$C$2:$C$78,$A14,'问题清单'!$E$2:$E$78,"高") | C14: =COUNTIFS('问题清单'!$C$2:$C$78,$A14,'问题清单'!$E$2:$E$78,"中") | D14: =COUNTIFS('问题清单'!$C$2:$C$78,$A14,'问题清单'!$E$2:$E$78,"低") | E14: =SUM(B14:D14)
A15: 勾选与批量 | B15: =COUNTIFS('问题清单'!$C$2:$C$78,$A15,'问题清单'!$E$2:$E$78,"高") | C15: =COUNTIFS('问题清单'!$C$2:$C$78,$A15,'问题清单'!$E$2:$E$78,"中") | D15: =COUNTIFS('问题清单'!$C$2:$C$78,$A15,'问题清单'!$E$2:$E$78,"低") | E15: =SUM(B15:D15)
A16: 操作入口 | B16: =COUNTIFS('问题清单'!$C$2:$C$78,$A16,'问题清单'!$E$2:$E$78,"高") | C16: =COUNTIFS('问题清单'!$C$2:$C$78,$A16,'问题清单'!$E$2:$E$78,"中") | D16: =COUNTIFS('问题清单'!$C$2:$C$78,$A16,'问题清单'!$E$2:$E$78,"低") | E16: =SUM(B16:D16)
A17: 弹窗与抽屉 | B17: =COUNTIFS('问题清单'!$C$2:$C$78,$A17,'问题清单'!$E$2:$E$78,"高") | C17: =COUNTIFS('问题清单'!$C$2:$C$78,$A17,'问题清单'!$E$2:$E$78,"中") | D17: =COUNTIFS('问题清单'!$C$2:$C$78,$A17,'问题清单'!$E$2:$E$78,"低") | E17: =SUM(B17:D17)
A18: 复制功能 | B18: =COUNTIFS('问题清单'!$C$2:$C$78,$A18,'问题清单'!$E$2:$E$78,"高") | C18: =COUNTIFS('问题清单'!$C$2:$C$78,$A18,'问题清单'!$E$2:$E$78,"中") | D18: =COUNTIFS('问题清单'!$C$2:$C$78,$A18,'问题清单'!$E$2:$E$78,"低") | E18: =SUM(B18:D18)
A19: 无数据状态 | B19: =COUNTIFS('问题清单'!$C$2:$C$78,$A19,'问题清单'!$E$2:$E$78,"高") | C19: =COUNTIFS('问题清单'!$C$2:$C$78,$A19,'问题清单'!$E$2:$E$78,"中") | D19: =COUNTIFS('问题清单'!$C$2:$C$78,$A19,'问题清单'!$E$2:$E$78,"低") | E19: =SUM(B19:D19)
A20: 极限状态 | B20: =COUNTIFS('问题清单'!$C$2:$C$78,$A20,'问题清单'!$E$2:$E$78,"高") | C20: =COUNTIFS('问题清单'!$C$2:$C$78,$A20,'问题清单'!$E$2:$E$78,"中") | D20: =COUNTIFS('问题清单'!$C$2:$C$78,$A20,'问题清单'!$E$2:$E$78,"低") | E20: =SUM(B20:D20)
A21: 响应式与版面 | B21: =COUNTIFS('问题清单'!$C$2:$C$78,$A21,'问题清单'!$E$2:$E$78,"高") | C21: =COUNTIFS('问题清单'!$C$2:$C$78,$A21,'问题清单'!$E$2:$E$78,"中") | D21: =COUNTIFS('问题清单'!$C$2:$C$78,$A21,'问题清单'!$E$2:$E$78,"低") | E21: =SUM(B21:D21)
A22: 自订筛选 | B22: =COUNTIFS('问题清单'!$C$2:$C$78,$A22,'问题清单'!$E$2:$E$78,"高") | C22: =COUNTIFS('问题清单'!$C$2:$C$78,$A22,'问题清单'!$E$2:$E$78,"中") | D22: =COUNTIFS('问题清单'!$C$2:$C$78,$A22,'问题清单'!$E$2:$E$78,"低") | E22: =SUM(B22:D22)
... A25: 文案与用语 | B25: =COUNTIFS('问题清单'!$C$2:$C$78,$A25,'问题清单'!$E$2:$E$78,"高") | C25: =COUNTIFS('问题清单'!$C$2:$C$78,$A25,'问题清单'!$E$2:$E$78,"中") | D25: =COUNTIFS('问题清单'!$C$2:$C$78,$A25,'问题清单'!$E$2:$E$78,"低") | E25: =SUM(B25:D25)
A26: 合计 | B26: =SUM(B11:B25) | C26: =SUM(C11:C25) | D26: =SUM(D11:D25) | E26: =SUM(E11:E25)
A28: 使用说明：在「问题清单」的「处理状态」栏选择状态（待处理／处理中／已修复／不修复／需确认），本页统计会自动更新。严重度定义：高＝结果错误或功能失效；中＝行为不一致或易误导；低＝无反应或 UI 细节。

Sheet 问题清单
A1: 编号 | B1: 测试轮次 | C1: 模块 | D1: 模式/数据状态 | E1: 严重度 | F1: 问题标题 | G1: 重现步骤 | H1: 实际结果 | I1: 预期结果 | J1: 相关位置 | K1: 处理状态 | L1: 备注
A2: BUG-001 | B2: 第1轮 | C2: 筛选与搜寻 | D2: 全部 | E2: 高 | F2: 「排除条件」筛选逻辑相反 | G2: 1. 进入页面（预设已套用「排除条件：测试账号」） 2. 查看列表结果 | H2: 结果只剩测试账号；标签文字显示「其他：」而非「排除条件」 | I2: 应排除测试账号，只显示其他账号；标签文字与下拉名称一致 | J2: script.js:1375、script.js:1038 | K2: 待处理
A3: BUG-002 | B3: 第1轮 | C3: 筛选与搜寻 | D3: 全部 | E3: 高 | F3: 外层「绑定银行卡／未登入天数／登录IP／存款金额大于」筛选无效 | G3: 1. 在外层筛选列任一栏位输入值（例：登录IP 10.0.0.99） 2. 点击「搜寻」 | H3: 会产生筛选标签，但结果与页数完全不变 | I3: 依输入条件过滤结果 | J3: script.js:1414-1417（读取的是隐藏的进阶抽屉 inputBankCard/inputIp 等，而非 *Outer 栏位） | K3: 待处理
A4: BUG-003 | B4: 第1轮 | C4: 筛选与搜寻 | D4: 全部 | E4: 高 | F4: 「生日月份」筛选无效 | G4: 1. 生日月份选择「3月」 2. 点击「搜寻」 | H4: 产生「生日: 3月」标签，但结果不变（仍为 10 页） | I4: 仅显示 3 月生日的用户 | J4: script.js:425-430、1053（selectedBirthdayOuterVal 未用于过滤） | K4: 待处理
A5: BUG-004 | B5: 第1轮 | C5: 筛选与搜寻 | D5: 全部 | E5: 高 | F5: 「用户标签」筛选无效且无法重置 | G5: 1. 用户标签选择「VIP 客户」 2. 点击「搜寻」 3. 点击「重置」 | H5: 不产生标签、不过滤；重置后仍显示「VIP 客户」；下拉第一项为空白选项 | I5: 依标签过滤并产生筛选标签；重置可清除；不应有空白选项 | J5: script.js:463-466 | K5: 待处理
A6: BUG-005 | B6: 第1轮 | C6: 筛选与搜寻 | D6: 全部 | E6: 高 | F6: 账号搜寻类型为邮箱／Zalo／WhatsApp／TG／谷歌验证码时无法过滤 | G6: 1. 账号类型下拉切到「邮箱」 2. 输入不存在的值（例：zzz_no_match） 3. 点击「搜寻」 | H6: 回传全部 10 页用户 | I6: 应显示「无符合筛选条件的会员资料」 | J6: script.js:1390（欄位不存在時視為符合） | K6: 待处理
A7: BUG-006 | B7: 第1轮 | C7: 列表模式 | D7: 压缩模式 | E7: 高 | F7: 「新增时间／登入时间」排序无效 | G7: 1. 切到压缩模式 2. 点击「新增时间」表头排序两次 | H7: 升冪与降冪顺序完全相同 | I7: 依时间正确升冪／降冪排序 | J7: script.js:1466-1474（日期字串被 parseFloat 成 2023，全部相等） | K7: 待处理
A8: BUG-007 | B8: 第1轮 | C8: 自订栏位 | D8: 巢状模式 | E8: 高 | F8: 巢状模式加入展开卡片栏位后表格错位 | G8: 1. 巢状模式打开自订栏位 2. 在展开卡片点「真实姓名」的「+」加入主表 | H8: 只多一个表头、没有对应内容格（表头 13 欄 vs 内容 12 欄），「真实姓名」表头压在操作栏上方 | I8: 表头与内容格一致，或巢状模式不提供加入 | J8: 巢状模式表格渲染 | K8: 待处理
A9: BUG-008 | B9: 第1轮 | C9: 用户抽屉 | D9: 全部 | E9: 高 | F9: 编辑用户「保存修改」未实际保存 | G9: 1. 打开编辑用户，修改昵称／状态 2. 点击「保存修改」 3. 重新打开同一用户 | H9: 显示「用户详情已更新！」，但资料仍为旧值，列表也未更新 | I9: 保存后资料更新，或在原型中明确标示为示意 | J9: script.js 编辑用户保存逻辑 | K9: 待处理
A10: BUG-009 | B10: 第1轮 | C10: 勾选与批量 | D10: 全部 | E10: 中 | F10: 全选框取消单列后仍为全选 | G10: 1. 勾选表头全选 2. 取消其中一列 | H10: 表头仍为全勾，没有部分选取状态 | I10: 表头应变为部分选取（indeterminate） | J10: 全选逻辑 | K10: 待处理
A11: BUG-010 | B11: 第1轮 | C11: 勾选与批量 | D11: 全部 | E11: 中 | F11: 换页后勾选状态不一致并遗失 | G11: 1. 全选第 1 页 2. 切到第 2 页 3. 回到第 1 页 | H11: 第 2 页表头仍显示全选但列未勾；回到第 1 页原本勾选全部消失 | I11: 表头状态与当页一致；跨页勾选应保留或明确提示 | J11: 分页渲染逻辑 | K11: 待处理
A12: BUG-011 | B12: 第1轮 | C12: 列表模式 | D12: 全部 | E12: 中 | F12: 点击会员名打开的是编辑而非详情 | G12: 1. 点击列表中的会员名链接 | H12: 打开「修改用户详情」 | I12: 点击会员名应打开「查看详情」 | J12: script.js:3094-3097（fallback 进入编辑） | K12: 待处理
A13: BUG-012 | B13: 第1轮 | C13: 用户抽屉 | D13: 全部 | E13: 中 | F13: 查看详情资料写死、不对应该用户 | G13: 1. 对 mingv0717001（真实姓名为「-」）打开查看详情 | H13: 详情显示真实姓名「王*明」等固定资料 | I13: 显示该用户的实际资料 | J13: content.html 查看详情抽屉（详见第2轮第1项） | K13: 待处理
... A78: BUG-077 | B78: 第3轮 | C78: 筛选与搜寻 | D78: 全部 | E78: 低 | F78: 「存款金额大于」直接比较不同币种原始数值 | G78: 1. 存款金额大于输入 5000 并搜寻 | H78: test_user_6（VND 10,000）被列入 | I78: 确认是否应先换算为同一币种再比较 | J78: script.js:1585 | K78: 需确认
